OjoIzquierdo,OjoDerecho,ObjetoEnfocado,PosicionObjeto,Timestamp
"(0.000, 0.000, 0.000)","(0.000, 0.000, 0.000)",No Enfocado,"(-5.02, 1.40, 5.87)",2023 / 08 / 09 08: 54:09:3457
"(0.552, 0.386, 0.000)","(0.540, 0.366, 0.000)",No Enfocado,"(-5.02, 1.40, 5.87)",2023 / 08 / 09 08: 54:09:6525
"(0.000, 0.000, 0.000)","(0.000, 0.000, 0.000)",No Enfocado,"(-5.02, 1.40, 5.87)",2023 / 08 / 09 08: 54:09:6931
"(0.501, 0.392, 0.000)","(0.485, 0.373, 0.000)",No Enfocado,"(-5.02, 1.40, 5.87)",2023 / 08 / 09 08: 54:09:7185
"(0.497, 0.382, 0.000)","(0.486, 0.367, 0.000)",No Enfocado,"(-5.00, 1.40, 5.87)",2023 / 08 / 09 08: 54:09:7389
"(0.501, 0.388, 0.000)","(0.483, 0.360, 0.000)",No Enfocado,"(-5.00, 1.40, 5.87)",2023 / 08 / 09 08: 54:09:7559
"(0.501, 0.386, 0.000)","(0.489, 0.357, 0.000)",No Enfocado,"(-4.99, 1.40, 5.87)",2023 / 08 / 09 08: 54:09:7718
"(0.502, 0.388, 0.000)","(0.485, 0.361, 0.000)",No Enfocado,"(-4.98, 1.40, 5.87)",2023 / 08 / 09 08: 54:09:7871
"(0.502, 0.388, 0.000)","(0.485, 0.361, 0.000)",No Enfocado,"(-4.97, 1.40, 5.87)",2023 / 08 / 09 08: 54:09:8025
"(0.502, 0.389, 0.000)","(0.488, 0.358, 0.000)",No Enfocado,"(-4.96, 1.40, 5.87)",2023 / 08 / 09 08: 54:09:8177
"(0.503, 0.386, 0.000)","(0.489, 0.360, 0.000)",No Enfocado,"(-4.95, 1.40, 5.87)",2023 / 08 / 09 08: 54:09:8328
"(0.501, 0.385, 0.000)","(0.489, 0.358, 0.000)",No Enfocado,"(-4.94, 1.40, 5.87)",2023 / 08 / 09 08: 54:09:8479
"(0.502, 0.386, 0.000)","(0.490, 0.358, 0.000)",No Enfocado,"(-4.92, 1.40, 5.87)",2023 / 08 / 09 08: 54:09:8616
"(0.504, 0.384, 0.000)","(0.489, 0.358, 0.000)",No Enfocado,"(-4.91, 1.40, 5.87)",2023 / 08 / 09 08: 54:09:8763
"(0.502, 0.382, 0.000)","(0.490, 0.356, 0.000)",No Enfocado,"(-4.90, 1.40, 5.87)",2023 / 08 / 09 08: 54:09:8904
"(0.503, 0.384, 0.000)","(0.490, 0.357, 0.000)",No Enfocado,"(-4.89, 1.40, 5.87)",2023 / 08 / 09 08: 54:09:9044
"(0.503, 0.384, 0.000)","(0.490, 0.357, 0.000)",No Enfocado,"(-4.87, 1.40, 5.87)",2023 / 08 / 09 08: 54:09:9187
"(0.504, 0.383, 0.000)","(0.492, 0.359, 0.000)",No Enfocado,"(-4.86, 1.40, 5.87)",2023 / 08 / 09 08: 54:09:9330
"(0.505, 0.383, 0.000)","(0.494, 0.358, 0.000)",No Enfocado,"(-4.84, 1.40, 5.87)",2023 / 08 / 09 08: 54:09:9471
"(0.505, 0.385, 0.000)","(0.494, 0.360, 0.000)",No Enfocado,"(-4.83, 1.40, 5.87)",2023 / 08 / 09 08: 54:09:9611
"(0.504, 0.386, 0.000)","(0.489, 0.358, 0.000)",No Enfocado,"(-4.81, 1.40, 5.87)",2023 / 08 / 09 08: 54:09:9754
"(0.483, 0.367, 0.000)","(0.464, 0.335, 0.000)",No Enfocado,"(-4.79, 1.40, 5.87)",2023 / 08 / 09 08: 54:09:9894
"(0.470, 0.342, 0.000)","(0.446, 0.309, 0.000)",No Enfocado,"(-4.77, 1.40, 5.87)",2023 / 08 / 09 08: 54:10:0030
"(0.470, 0.342, 0.000)","(0.446, 0.309, 0.000)",No Enfocado,"(-4.75, 1.40, 5.87)",2023 / 08 / 09 08: 54:10:0172
"(0.470, 0.340, 0.000)","(0.449, 0.306, 0.000)",No Enfocado,"(-4.74, 1.40, 5.87)",2023 / 08 / 09 08: 54:10:0310
"(0.473, 0.340, 0.000)","(0.454, 0.310, 0.000)",No Enfocado,"(-4.72, 1.40, 5.87)",2023 / 08 / 09 08: 54:10:0446
"(0.475, 0.340, 0.000)","(0.455, 0.308, 0.000)",No Enfocado,"(-4.70, 1.40, 5.87)",2023 / 08 / 09 08: 54:10:0588
"(0.476, 0.340, 0.000)","(0.458, 0.307, 0.000)",No Enfocado,"(-4.68, 1.40, 5.87)",2023 / 08 / 09 08: 54:10:0729
"(0.477, 0.340, 0.000)","(0.459, 0.310, 0.000)",No Enfocado,"(-4.65, 1.40, 5.87)",2023 / 08 / 09 08: 54:10:0868
"(0.477, 0.340, 0.000)","(0.459, 0.310, 0.000)",No Enfocado,"(-4.63, 1.40, 5.87)",2023 / 08 / 09 08: 54:10:1001
"(0.479, 0.341, 0.000)","(0.462, 0.310, 0.000)",No Enfocado,"(-4.61, 1.40, 5.87)",2023 / 08 / 09 08: 54:10:1143
"(0.480, 0.343, 0.000)","(0.463, 0.311, 0.000)",No Enfocado,"(-4.59, 1.40, 5.87)",2023 / 08 / 09 08: 54:10:1286
"(0.482, 0.345, 0.000)","(0.467, 0.313, 0.000)",No Enfocado,"(-4.57, 1.40, 5.87)",2023 / 08 / 09 08: 54:10:1423
"(0.485, 0.345, 0.000)","(0.467, 0.313, 0.000)",No Enfocado,"(-4.54, 1.40, 5.87)",2023 / 08 / 09 08: 54:10:1563
"(0.476, 0.348, 0.000)","(0.460, 0.314, 0.000)",No Enfocado,"(-4.52, 1.40, 5.87)",2023 / 08 / 09 08: 54:10:1702
"(0.476, 0.348, 0.000)","(0.460, 0.314, 0.000)",No Enfocado,"(-4.49, 1.40, 5.87)",2023 / 08 / 09 08: 54:10:1833
"(0.447, 0.355, 0.000)","(0.420, 0.317, 0.000)",No Enfocado,"(-4.47, 1.40, 5.87)",2023 / 08 / 09 08: 54:10:1976
"(0.420, 0.365, 0.000)","(0.388, 0.325, 0.000)",Enfocado,"(-4.44, 1.40, 5.87)",2023 / 08 / 09 08: 54:10:2118
"(0.411, 0.370, 0.000)","(0.382, 0.331, 0.000)",Enfocado,"(-4.42, 1.40, 5.87)",2023 / 08 / 09 08: 54:10:2255
"(0.419, 0.371, 0.000)","(0.396, 0.331, 0.000)",Enfocado,"(-4.39, 1.40, 5.87)",2023 / 08 / 09 08: 54:10:2401
"(0.427, 0.371, 0.000)","(0.401, 0.332, 0.000)",Enfocado,"(-4.36, 1.40, 5.87)",2023 / 08 / 09 08: 54:10:2536
"(0.427, 0.371, 0.000)","(0.401, 0.332, 0.000)",Enfocado,"(-4.33, 1.40, 5.87)",2023 / 08 / 09 08: 54:10:2676
"(0.431, 0.369, 0.000)","(0.408, 0.332, 0.000)",Enfocado,"(-4.30, 1.40, 5.87)",2023 / 08 / 09 08: 54:10:2811
"(0.436, 0.369, 0.000)","(0.411, 0.333, 0.000)",Enfocado,"(-4.28, 1.40, 5.87)",2023 / 08 / 09 08: 54:10:2957
"(0.440, 0.368, 0.000)","(0.416, 0.331, 0.000)",Enfocado,"(-4.25, 1.40, 5.87)",2023 / 08 / 09 08: 54:10:3096
"(0.444, 0.367, 0.000)","(0.420, 0.329, 0.000)",Enfocado,"(-4.21, 1.40, 5.87)",2023 / 08 / 09 08: 54:10:3232
"(0.445, 0.364, 0.000)","(0.424, 0.328, 0.000)",Enfocado,"(-4.18, 1.40, 5.87)",2023 / 08 / 09 08: 54:10:3369
"(0.445, 0.364, 0.000)","(0.424, 0.328, 0.000)",Enfocado,"(-4.15, 1.40, 5.87)",2023 / 08 / 09 08: 54:10:3507
"(0.447, 0.363, 0.000)","(0.427, 0.327, 0.000)",Enfocado,"(-4.12, 1.40, 5.87)",2023 / 08 / 09 08: 54:10:3645
"(0.449, 0.364, 0.000)","(0.428, 0.329, 0.000)",Enfocado,"(-4.09, 1.40, 5.87)",2023 / 08 / 09 08: 54:10:3787
"(0.450, 0.364, 0.000)","(0.431, 0.330, 0.000)",Enfocado,"(-4.06, 1.40, 5.87)",2023 / 08 / 09 08: 54:10:3928
"(0.452, 0.366, 0.000)","(0.431, 0.330, 0.000)",Enfocado,"(-4.03, 1.40, 5.87)",2023 / 08 / 09 08: 54:10:4069
"(0.453, 0.366, 0.000)","(0.432, 0.329, 0.000)",Enfocado,"(-3.99, 1.40, 5.87)",2023 / 08 / 09 08: 54:10:4205
"(0.453, 0.366, 0.000)","(0.432, 0.329, 0.000)",Enfocado,"(-3.96, 1.40, 5.87)",2023 / 08 / 09 08: 54:10:4342
"(0.455, 0.362, 0.000)","(0.436, 0.326, 0.000)",Enfocado,"(-3.92, 1.40, 5.87)",2023 / 08 / 09 08: 54:10:4483
"(0.457, 0.362, 0.000)","(0.437, 0.326, 0.000)",Enfocado,"(-3.89, 1.40, 5.87)",2023 / 08 / 09 08: 54:10:4623
"(0.458, 0.360, 0.000)","(0.439, 0.325, 0.000)",Enfocado,"(-3.85, 1.40, 5.87)",2023 / 08 / 09 08: 54:10:4765
"(0.460, 0.360, 0.000)","(0.440, 0.327, 0.000)",Enfocado,"(-3.82, 1.40, 5.87)",2023 / 08 / 09 08: 54:10:4905
"(0.461, 0.362, 0.000)","(0.441, 0.327, 0.000)",Enfocado,"(-3.78, 1.40, 5.87)",2023 / 08 / 09 08: 54:10:5041
"(0.461, 0.362, 0.000)","(0.441, 0.327, 0.000)",Enfocado,"(-3.75, 1.40, 5.87)",2023 / 08 / 09 08: 54:10:5178
"(0.461, 0.365, 0.000)","(0.439, 0.329, 0.000)",Enfocado,"(-3.71, 1.40, 5.87)",2023 / 08 / 09 08: 54:10:5319
"(0.463, 0.364, 0.000)","(0.441, 0.329, 0.000)",Enfocado,"(-3.68, 1.40, 5.87)",2023 / 08 / 09 08: 54:10:5457
"(0.464, 0.363, 0.000)","(0.443, 0.328, 0.000)",Enfocado,"(-3.64, 1.40, 5.87)",2023 / 08 / 09 08: 54:10:5603
"(0.465, 0.360, 0.000)","(0.446, 0.328, 0.000)",Enfocado,"(-3.60, 1.40, 5.87)",2023 / 08 / 09 08: 54:10:5743
"(0.464, 0.362, 0.000)","(0.443, 0.327, 0.000)",Enfocado,"(-3.56, 1.40, 5.87)",2023 / 08 / 09 08: 54:10:5881
"(0.464, 0.362, 0.000)","(0.443, 0.327, 0.000)",Enfocado,"(-3.52, 1.40, 5.87)",2023 / 08 / 09 08: 54:10:6017
"(0.459, 0.373, 0.000)","(0.431, 0.338, 0.000)",Enfocado,"(-3.48, 1.40, 5.87)",2023 / 08 / 09 08: 54:10:6159
"(0.459, 0.376, 0.000)","(0.432, 0.343, 0.000)",Enfocado,"(-3.45, 1.40, 5.87)",2023 / 08 / 09 08: 54:10:6301
"(0.460, 0.376, 0.000)","(0.438, 0.340, 0.000)",Enfocado,"(-3.40, 1.40, 5.87)",2023 / 08 / 09 08: 54:10:6437
"(0.461, 0.374, 0.000)","(0.441, 0.337, 0.000)",Enfocado,"(-3.36, 1.40, 5.87)",2023 / 08 / 09 08: 54:10:6579
"(0.463, 0.372, 0.000)","(0.440, 0.336, 0.000)",Enfocado,"(-3.33, 1.40, 5.87)",2023 / 08 / 09 08: 54:10:6719
"(0.465, 0.371, 0.000)","(0.442, 0.337, 0.000)",Enfocado,"(-3.28, 1.40, 5.87)",2023 / 08 / 09 08: 54:10:6855
"(0.465, 0.371, 0.000)","(0.442, 0.337, 0.000)",Enfocado,"(-3.23, 1.40, 5.87)",2023 / 08 / 09 08: 54:10:6993
"(0.466, 0.371, 0.000)","(0.443, 0.337, 0.000)",Enfocado,"(-3.20, 1.40, 5.87)",2023 / 08 / 09 08: 54:10:7131
"(0.466, 0.372, 0.000)","(0.444, 0.337, 0.000)",Enfocado,"(-3.16, 1.40, 5.87)",2023 / 08 / 09 08: 54:10:7274
"(0.466, 0.372, 0.000)","(0.446, 0.338, 0.000)",Enfocado,"(-3.12, 1.40, 5.87)",2023 / 08 / 09 08: 54:10:7410
"(0.467, 0.371, 0.000)","(0.447, 0.338, 0.000)",Enfocado,"(-3.07, 1.40, 5.87)",2023 / 08 / 09 08: 54:10:7552
"(0.466, 0.372, 0.000)","(0.448, 0.338, 0.000)",Enfocado,"(-3.03, 1.40, 5.87)",2023 / 08 / 09 08: 54:10:7687
"(0.466, 0.372, 0.000)","(0.448, 0.338, 0.000)",Enfocado,"(-2.99, 1.40, 5.87)",2023 / 08 / 09 08: 54:10:7824
"(0.467, 0.371, 0.000)","(0.448, 0.337, 0.000)",Enfocado,"(-2.95, 1.40, 5.87)",2023 / 08 / 09 08: 54:10:7969
"(0.468, 0.370, 0.000)","(0.450, 0.337, 0.000)",Enfocado,"(-2.90, 1.40, 5.87)",2023 / 08 / 09 08: 54:10:8110
"(0.468, 0.369, 0.000)","(0.450, 0.336, 0.000)",Enfocado,"(-2.86, 1.40, 5.87)",2023 / 08 / 09 08: 54:10:8247
"(0.469, 0.368, 0.000)","(0.451, 0.335, 0.000)",Enfocado,"(-2.82, 1.40, 5.87)",2023 / 08 / 09 08: 54:10:8389
"(0.471, 0.366, 0.000)","(0.452, 0.334, 0.000)",Enfocado,"(-2.76, 1.40, 5.87)",2023 / 08 / 09 08: 54:10:8525
"(0.471, 0.366, 0.000)","(0.452, 0.334, 0.000)",Enfocado,"(-2.72, 1.40, 5.87)",2023 / 08 / 09 08: 54:10:8663
"(0.471, 0.367, 0.000)","(0.452, 0.333, 0.000)",Enfocado,"(-2.68, 1.40, 5.87)",2023 / 08 / 09 08: 54:10:8801
"(0.471, 0.366, 0.000)","(0.453, 0.333, 0.000)",Enfocado,"(-2.64, 1.40, 5.87)",2023 / 08 / 09 08: 54:10:8946
"(0.470, 0.364, 0.000)","(0.453, 0.333, 0.000)",Enfocado,"(-2.59, 1.40, 5.87)",2023 / 08 / 09 08: 54:10:9086
"(0.471, 0.364, 0.000)","(0.453, 0.333, 0.000)",Enfocado,"(-2.54, 1.40, 5.87)",2023 / 08 / 09 08: 54:10:9221
"(0.472, 0.366, 0.000)","(0.453, 0.333, 0.000)",Enfocado,"(-2.50, 1.40, 5.87)",2023 / 08 / 09 08: 54:10:9364
"(0.472, 0.366, 0.000)","(0.453, 0.333, 0.000)",Enfocado,"(-2.45, 1.40, 5.87)",2023 / 08 / 09 08: 54:10:9502
"(0.472, 0.367, 0.000)","(0.452, 0.334, 0.000)",Enfocado,"(-2.40, 1.40, 5.87)",2023 / 08 / 09 08: 54:10:9639
"(0.473, 0.368, 0.000)","(0.453, 0.336, 0.000)",Enfocado,"(-2.36, 1.40, 5.87)",2023 / 08 / 09 08: 54:10:9780
"(0.473, 0.371, 0.000)","(0.453, 0.338, 0.000)",Enfocado,"(-2.31, 1.40, 5.87)",2023 / 08 / 09 08: 54:10:9919
"(0.473, 0.371, 0.000)","(0.454, 0.339, 0.000)",Enfocado,"(-2.27, 1.40, 5.87)",2023 / 08 / 09 08: 54:11:0057
"(0.475, 0.372, 0.000)","(0.455, 0.341, 0.000)",Enfocado,"(-2.21, 1.40, 5.87)",2023 / 08 / 09 08: 54:11:0194
"(0.475, 0.372, 0.000)","(0.455, 0.341, 0.000)",Enfocado,"(-2.17, 1.40, 5.87)",2023 / 08 / 09 08: 54:11:0332
"(0.475, 0.372, 0.000)","(0.457, 0.340, 0.000)",Enfocado,"(-2.13, 1.40, 5.87)",2023 / 08 / 09 08: 54:11:0474
"(0.475, 0.373, 0.000)","(0.456, 0.341, 0.000)",Enfocado,"(-2.08, 1.40, 5.87)",2023 / 08 / 09 08: 54:11:0611
"(0.477, 0.373, 0.000)","(0.457, 0.341, 0.000)",Enfocado,"(-2.03, 1.40, 5.87)",2023 / 08 / 09 08: 54:11:0754
"(0.477, 0.370, 0.000)","(0.458, 0.339, 0.000)",Enfocado,"(-1.98, 1.40, 5.87)",2023 / 08 / 09 08: 54:11:0892
"(0.478, 0.366, 0.000)","(0.458, 0.335, 0.000)",Enfocado,"(-1.93, 1.40, 5.87)",2023 / 08 / 09 08: 54:11:1030
"(0.478, 0.366, 0.000)","(0.458, 0.335, 0.000)",Enfocado,"(-1.88, 1.40, 5.87)",2023 / 08 / 09 08: 54:11:1168
"(0.479, 0.361, 0.000)","(0.459, 0.330, 0.000)",Enfocado,"(-1.83, 1.40, 5.87)",2023 / 08 / 09 08: 54:11:1309
"(0.480, 0.358, 0.000)","(0.460, 0.328, 0.000)",Enfocado,"(-1.79, 1.40, 5.87)",2023 / 08 / 09 08: 54:11:1445
"(0.478, 0.356, 0.000)","(0.459, 0.325, 0.000)",Enfocado,"(-1.74, 1.40, 5.87)",2023 / 08 / 09 08: 54:11:1588
"(0.479, 0.355, 0.000)","(0.458, 0.324, 0.000)",Enfocado,"(-1.69, 1.40, 5.87)",2023 / 08 / 09 08: 54:11:1727
"(0.480, 0.355, 0.000)","(0.459, 0.324, 0.000)",Enfocado,"(-1.63, 1.40, 5.87)",2023 / 08 / 09 08: 54:11:1866
"(0.480, 0.355, 0.000)","(0.459, 0.324, 0.000)",Enfocado,"(-1.59, 1.40, 5.87)",2023 / 08 / 09 08: 54:11:2001
"(0.480, 0.353, 0.000)","(0.460, 0.323, 0.000)",Enfocado,"(-1.54, 1.40, 5.87)",2023 / 08 / 09 08: 54:11:2142
"(0.479, 0.351, 0.000)","(0.460, 0.322, 0.000)",Enfocado,"(-1.50, 1.40, 5.87)",2023 / 08 / 09 08: 54:11:2284
"(0.478, 0.352, 0.000)","(0.460, 0.322, 0.000)",Enfocado,"(-1.44, 1.40, 5.87)",2023 / 08 / 09 08: 54:11:2422
"(0.478, 0.353, 0.000)","(0.459, 0.322, 0.000)",Enfocado,"(-1.39, 1.40, 5.87)",2023 / 08 / 09 08: 54:11:2564
"(0.478, 0.353, 0.000)","(0.458, 0.323, 0.000)",Enfocado,"(-1.34, 1.40, 5.87)",2023 / 08 / 09 08: 54:11:2704
"(0.478, 0.354, 0.000)","(0.459, 0.322, 0.000)",Enfocado,"(-1.28, 1.40, 5.87)",2023 / 08 / 09 08: 54:11:2840
"(0.478, 0.354, 0.000)","(0.459, 0.322, 0.000)",Enfocado,"(-1.23, 1.40, 5.87)",2023 / 08 / 09 08: 54:11:2978
"(0.477, 0.354, 0.000)","(0.459, 0.324, 0.000)",Enfocado,"(-1.19, 1.40, 5.87)",2023 / 08 / 09 08: 54:11:3117
"(0.477, 0.355, 0.000)","(0.459, 0.323, 0.000)",Enfocado,"(-1.14, 1.40, 5.87)",2023 / 08 / 09 08: 54:11:3257
"(0.478, 0.355, 0.000)","(0.460, 0.323, 0.000)",Enfocado,"(-1.09, 1.40, 5.87)",2023 / 08 / 09 08: 54:11:3403
"(0.478, 0.353, 0.000)","(0.462, 0.322, 0.000)",Enfocado,"(-1.03, 1.40, 5.87)",2023 / 08 / 09 08: 54:11:3538
"(0.478, 0.353, 0.000)","(0.462, 0.322, 0.000)",Enfocado,"(-0.99, 1.40, 5.87)",2023 / 08 / 09 08: 54:11:3680
"(0.479, 0.350, 0.000)","(0.461, 0.322, 0.000)",Enfocado,"(-0.94, 1.40, 5.87)",2023 / 08 / 09 08: 54:11:3816
"(0.485, 0.349, 0.000)","(0.470, 0.322, 0.000)",Enfocado,"(-0.88, 1.40, 5.87)",2023 / 08 / 09 08: 54:11:3960
"(0.502, 0.338, 0.000)","(0.487, 0.313, 0.000)",Enfocado,"(-0.83, 1.40, 5.87)",2023 / 08 / 09 08: 54:11:4099
"(0.000, 0.000, 0.000)","(0.000, 0.000, 0.000)",Enfocado,"(-0.78, 1.40, 5.87)",2023 / 08 / 09 08: 54:11:4237
"(0.496, 0.355, 0.000)","(0.487, 0.313, 0.000)",Enfocado,"(-0.73, 1.40, 5.87)",2023 / 08 / 09 08: 54:11:4379
"(0.513, 0.291, 0.000)","(0.487, 0.313, 0.000)",Enfocado,"(-0.67, 1.40, 5.87)",2023 / 08 / 09 08: 54:11:4514
"(0.513, 0.291, 0.000)","(0.487, 0.313, 0.000)",Enfocado,"(-0.62, 1.40, 5.87)",2023 / 08 / 09 08: 54:11:4652
"(0.513, 0.280, 0.000)","(0.502, 0.253, 0.000)",Enfocado,"(-0.58, 1.40, 5.87)",2023 / 08 / 09 08: 54:11:4795
"(0.511, 0.289, 0.000)","(0.500, 0.256, 0.000)",Enfocado,"(-0.53, 1.40, 5.87)",2023 / 08 / 09 08: 54:11:4936
"(0.511, 0.293, 0.000)","(0.497, 0.263, 0.000)",Enfocado,"(-0.47, 1.40, 5.87)",2023 / 08 / 09 08: 54:11:5077
"(0.512, 0.298, 0.000)","(0.496, 0.266, 0.000)",Enfocado,"(-0.42, 1.40, 5.87)",2023 / 08 / 09 08: 54:11:5208
"(0.512, 0.298, 0.000)","(0.496, 0.266, 0.000)",Enfocado,"(-0.37, 1.40, 5.87)",2023 / 08 / 09 08: 54:11:5350
"(0.512, 0.301, 0.000)","(0.496, 0.271, 0.000)",Enfocado,"(-0.32, 1.40, 5.87)",2023 / 08 / 09 08: 54:11:5489
"(0.515, 0.302, 0.000)","(0.499, 0.271, 0.000)",Enfocado,"(-0.27, 1.40, 5.87)",2023 / 08 / 09 08: 54:11:5628
"(0.515, 0.305, 0.000)","(0.499, 0.274, 0.000)",Enfocado,"(-0.22, 1.40, 5.87)",2023 / 08 / 09 08: 54:11:5769
"(0.517, 0.307, 0.000)","(0.500, 0.278, 0.000)",Enfocado,"(-0.17, 1.40, 5.87)",2023 / 08 / 09 08: 54:11:5910
"(0.516, 0.311, 0.000)","(0.500, 0.282, 0.000)",Enfocado,"(-0.11, 1.40, 5.87)",2023 / 08 / 09 08: 54:11:6046
"(0.516, 0.315, 0.000)","(0.501, 0.285, 0.000)",Enfocado,"(-0.06, 1.40, 5.87)",2023 / 08 / 09 08: 54:11:6182
"(0.516, 0.315, 0.000)","(0.501, 0.285, 0.000)",Enfocado,"(-0.01, 1.40, 5.87)",2023 / 08 / 09 08: 54:11:6322
"(0.516, 0.318, 0.000)","(0.500, 0.289, 0.000)",Enfocado,"(0.03, 1.40, 5.87)",2023 / 08 / 09 08: 54:11:6458
"(0.511, 0.321, 0.000)","(0.499, 0.290, 0.000)",Enfocado,"(0.08, 1.40, 5.87)",2023 / 08 / 09 08: 54:11:6601
"(0.513, 0.323, 0.000)","(0.498, 0.293, 0.000)",Enfocado,"(0.14, 1.40, 5.87)",2023 / 08 / 09 08: 54:11:6743
"(0.549, 0.324, 0.000)","(0.529, 0.302, 0.000)",Enfocado,"(0.19, 1.40, 5.87)",2023 / 08 / 09 08: 54:11:6882
"(0.594, 0.320, 0.000)","(0.567, 0.308, 0.000)",Enfocado,"(0.24, 1.40, 5.87)",2023 / 08 / 09 08: 54:11:7018
"(0.594, 0.320, 0.000)","(0.567, 0.308, 0.000)",Enfocado,"(0.30, 1.40, 5.87)",2023 / 08 / 09 08: 54:11:7159
"(0.601, 0.320, 0.000)","(0.578, 0.306, 0.000)",Enfocado,"(0.34, 1.40, 5.87)",2023 / 08 / 09 08: 54:11:7294
"(0.597, 0.321, 0.000)","(0.574, 0.304, 0.000)",Enfocado,"(0.39, 1.40, 5.87)",2023 / 08 / 09 08: 54:11:7432
"(0.597, 0.320, 0.000)","(0.575, 0.302, 0.000)",Enfocado,"(0.44, 1.40, 5.87)",2023 / 08 / 09 08: 54:11:7573
"(0.598, 0.318, 0.000)","(0.576, 0.301, 0.000)",Enfocado,"(0.49, 1.40, 5.87)",2023 / 08 / 09 08: 54:11:7715
"(0.597, 0.316, 0.000)","(0.574, 0.298, 0.000)",Enfocado,"(0.54, 1.40, 5.87)",2023 / 08 / 09 08: 54:11:7850
"(0.597, 0.316, 0.000)","(0.574, 0.298, 0.000)",Enfocado,"(0.60, 1.40, 5.87)",2023 / 08 / 09 08: 54:11:7988
"(0.599, 0.316, 0.000)","(0.575, 0.301, 0.000)",Enfocado,"(0.64, 1.40, 5.87)",2023 / 08 / 09 08: 54:11:8132
"(0.598, 0.316, 0.000)","(0.575, 0.301, 0.000)",Enfocado,"(0.69, 1.40, 5.87)",2023 / 08 / 09 08: 54:11:8276
"(0.598, 0.317, 0.000)","(0.576, 0.301, 0.000)",Enfocado,"(0.74, 1.40, 5.87)",2023 / 08 / 09 08: 54:11:8413
"(0.599, 0.316, 0.000)","(0.575, 0.301, 0.000)",Enfocado,"(0.79, 1.40, 5.87)",2023 / 08 / 09 08: 54:11:8557
"(0.599, 0.315, 0.000)","(0.574, 0.301, 0.000)",Enfocado,"(0.84, 1.40, 5.87)",2023 / 08 / 09 08: 54:11:8695
"(0.599, 0.315, 0.000)","(0.574, 0.301, 0.000)",Enfocado,"(0.90, 1.40, 5.87)",2023 / 08 / 09 08: 54:11:8830
"(0.594, 0.317, 0.000)","(0.573, 0.299, 0.000)",Enfocado,"(0.95, 1.40, 5.87)",2023 / 08 / 09 08: 54:11:8975
"(0.576, 0.315, 0.000)","(0.554, 0.293, 0.000)",Enfocado,"(0.99, 1.40, 5.87)",2023 / 08 / 09 08: 54:11:9114
"(0.574, 0.315, 0.000)","(0.549, 0.289, 0.000)",Enfocado,"(1.05, 1.40, 5.87)",2023 / 08 / 09 08: 54:11:9251
"(0.577, 0.316, 0.000)","(0.550, 0.290, 0.000)",Enfocado,"(1.10, 1.40, 5.87)",2023 / 08 / 09 08: 54:11:9391
"(0.576, 0.315, 0.000)","(0.551, 0.290, 0.000)",Enfocado,"(1.15, 1.40, 5.87)",2023 / 08 / 09 08: 54:11:9526
"(0.576, 0.315, 0.000)","(0.551, 0.290, 0.000)",Enfocado,"(1.19, 1.40, 5.87)",2023 / 08 / 09 08: 54:11:9663
"(0.575, 0.315, 0.000)","(0.551, 0.291, 0.000)",Enfocado,"(1.24, 1.40, 5.87)",2023 / 08 / 09 08: 54:11:9806
"(0.574, 0.315, 0.000)","(0.551, 0.291, 0.000)",Enfocado,"(1.28, 1.40, 5.87)",2023 / 08 / 09 08: 54:11:9949
"(0.574, 0.315, 0.000)","(0.550, 0.291, 0.000)",Enfocado,"(1.33, 1.40, 5.87)",2023 / 08 / 09 08: 54:12:0091
"(0.574, 0.315, 0.000)","(0.549, 0.291, 0.000)",Enfocado,"(1.38, 1.40, 5.87)",2023 / 08 / 09 08: 54:12:0227
"(0.575, 0.315, 0.000)","(0.551, 0.290, 0.000)",Enfocado,"(1.43, 1.40, 5.87)",2023 / 08 / 09 08: 54:12:0369
"(0.575, 0.315, 0.000)","(0.551, 0.290, 0.000)",Enfocado,"(1.48, 1.40, 5.87)",2023 / 08 / 09 08: 54:12:0506
"(0.573, 0.313, 0.000)","(0.549, 0.290, 0.000)",Enfocado,"(1.53, 1.40, 5.87)",2023 / 08 / 09 08: 54:12:0644
"(0.574, 0.312, 0.000)","(0.550, 0.289, 0.000)",Enfocado,"(1.57, 1.40, 5.87)",2023 / 08 / 09 08: 54:12:0786
"(0.574, 0.312, 0.000)","(0.549, 0.289, 0.000)",Enfocado,"(1.62, 1.40, 5.87)",2023 / 08 / 09 08: 54:12:0926
"(0.572, 0.313, 0.000)","(0.547, 0.288, 0.000)",Enfocado,"(1.67, 1.40, 5.87)",2023 / 08 / 09 08: 54:12:1065
"(0.552, 0.312, 0.000)","(0.531, 0.283, 0.000)",Enfocado,"(1.72, 1.40, 5.87)",2023 / 08 / 09 08: 54:12:1199
"(0.552, 0.312, 0.000)","(0.531, 0.283, 0.000)",Enfocado,"(1.77, 1.40, 5.87)",2023 / 08 / 09 08: 54:12:1339
"(0.548, 0.311, 0.000)","(0.522, 0.280, 0.000)",Enfocado,"(1.81, 1.40, 5.87)",2023 / 08 / 09 08: 54:12:1478
"(0.549, 0.310, 0.000)","(0.521, 0.279, 0.000)",Enfocado,"(1.85, 1.40, 5.87)",2023 / 08 / 09 08: 54:12:1617
"(0.550, 0.310, 0.000)","(0.523, 0.279, 0.000)",Enfocado,"(1.90, 1.40, 5.87)",2023 / 08 / 09 08: 54:12:1761
"(0.550, 0.309, 0.000)","(0.524, 0.279, 0.000)",Enfocado,"(1.95, 1.40, 5.87)",2023 / 08 / 09 08: 54:12:1897
"(0.551, 0.308, 0.000)","(0.524, 0.279, 0.000)",Enfocado,"(1.99, 1.40, 5.87)",2023 / 08 / 09 08: 54:12:2031
"(0.551, 0.308, 0.000)","(0.524, 0.279, 0.000)",Enfocado,"(2.04, 1.40, 5.87)",2023 / 08 / 09 08: 54:12:2173
"(0.551, 0.306, 0.000)","(0.525, 0.277, 0.000)",Enfocado,"(2.08, 1.40, 5.87)",2023 / 08 / 09 08: 54:12:2310
"(0.551, 0.304, 0.000)","(0.526, 0.277, 0.000)",Enfocado,"(2.12, 1.40, 5.87)",2023 / 08 / 09 08: 54:12:2445
"(0.552, 0.303, 0.000)","(0.528, 0.275, 0.000)",Enfocado,"(2.17, 1.40, 5.87)",2023 / 08 / 09 08: 54:12:2588
"(0.534, 0.315, 0.000)","(0.509, 0.283, 0.000)",Enfocado,"(2.21, 1.40, 5.87)",2023 / 08 / 09 08: 54:12:2726
"(0.507, 0.337, 0.000)","(0.464, 0.301, 0.000)",Enfocado,"(2.26, 1.40, 5.87)",2023 / 08 / 09 08: 54:12:2866
"(0.507, 0.337, 0.000)","(0.464, 0.301, 0.000)",Enfocado,"(2.30, 1.40, 5.87)",2023 / 08 / 09 08: 54:12:3000
"(0.481, 0.351, 0.000)","(0.431, 0.313, 0.000)",Enfocado,"(2.35, 1.40, 5.87)",2023 / 08 / 09 08: 54:12:3142
"(0.459, 0.359, 0.000)","(0.411, 0.318, 0.000)",Enfocado,"(2.38, 1.40, 5.87)",2023 / 08 / 09 08: 54:12:3282
"(0.443, 0.364, 0.000)","(0.398, 0.321, 0.000)",Enfocado,"(2.43, 1.40, 5.87)",2023 / 08 / 09 08: 54:12:3418
"(0.443, 0.364, 0.000)","(0.404, 0.323, 0.000)",Enfocado,"(2.47, 1.40, 5.87)",2023 / 08 / 09 08: 54:12:3558
"(0.443, 0.363, 0.000)","(0.408, 0.322, 0.000)",Enfocado,"(2.51, 1.40, 5.87)",2023 / 08 / 09 08: 54:12:3695
"(0.443, 0.363, 0.000)","(0.408, 0.322, 0.000)",Enfocado,"(2.56, 1.40, 5.87)",2023 / 08 / 09 08: 54:12:3832
"(0.444, 0.364, 0.000)","(0.409, 0.322, 0.000)",Enfocado,"(2.60, 1.40, 5.87)",2023 / 08 / 09 08: 54:12:3974
"(0.443, 0.363, 0.000)","(0.411, 0.324, 0.000)",Enfocado,"(2.63, 1.40, 5.87)",2023 / 08 / 09 08: 54:12:4113
"(0.442, 0.364, 0.000)","(0.412, 0.323, 0.000)",Enfocado,"(2.68, 1.40, 5.87)",2023 / 08 / 09 08: 54:12:4251
"(0.443, 0.363, 0.000)","(0.412, 0.322, 0.000)",Enfocado,"(2.72, 1.40, 5.87)",2023 / 08 / 09 08: 54:12:4395
"(0.442, 0.364, 0.000)","(0.413, 0.324, 0.000)",Enfocado,"(2.76, 1.40, 5.87)",2023 / 08 / 09 08: 54:12:4532
"(0.442, 0.364, 0.000)","(0.413, 0.324, 0.000)",Enfocado,"(2.80, 1.40, 5.87)",2023 / 08 / 09 08: 54:12:4672
"(0.442, 0.365, 0.000)","(0.413, 0.325, 0.000)",Enfocado,"(2.84, 1.40, 5.87)",2023 / 08 / 09 08: 54:12:4808
"(0.442, 0.365, 0.000)","(0.413, 0.325, 0.000)",Enfocado,"(2.87, 1.40, 5.87)",2023 / 08 / 09 08: 54:12:4953
"(0.441, 0.365, 0.000)","(0.413, 0.325, 0.000)",Enfocado,"(2.91, 1.40, 5.87)",2023 / 08 / 09 08: 54:12:5093
"(0.443, 0.364, 0.000)","(0.414, 0.325, 0.000)",Enfocado,"(2.95, 1.40, 5.87)",2023 / 08 / 09 08: 54:12:5230
"(0.442, 0.366, 0.000)","(0.414, 0.325, 0.000)",Enfocado,"(2.99, 1.40, 5.87)",2023 / 08 / 09 08: 54:12:5372
"(0.442, 0.366, 0.000)","(0.414, 0.325, 0.000)",Enfocado,"(3.03, 1.40, 5.87)",2023 / 08 / 09 08: 54:12:5511
"(0.442, 0.366, 0.000)","(0.414, 0.325, 0.000)",Enfocado,"(3.07, 1.40, 5.87)",2023 / 08 / 09 08: 54:12:5649
"(0.442, 0.366, 0.000)","(0.415, 0.326, 0.000)",Enfocado,"(3.10, 1.40, 5.87)",2023 / 08 / 09 08: 54:12:5792
"(0.442, 0.367, 0.000)","(0.416, 0.327, 0.000)",Enfocado,"(3.14, 1.40, 5.87)",2023 / 08 / 09 08: 54:12:5934
"(0.444, 0.367, 0.000)","(0.416, 0.326, 0.000)",Enfocado,"(3.17, 1.40, 5.87)",2023 / 08 / 09 08: 54:12:6075
"(0.443, 0.367, 0.000)","(0.416, 0.327, 0.000)",Enfocado,"(3.21, 1.40, 5.87)",2023 / 08 / 09 08: 54:12:6207
"(0.443, 0.367, 0.000)","(0.416, 0.327, 0.000)",Enfocado,"(3.25, 1.40, 5.87)",2023 / 08 / 09 08: 54:12:6348
"(0.443, 0.367, 0.000)","(0.415, 0.327, 0.000)",Enfocado,"(3.28, 1.40, 5.87)",2023 / 08 / 09 08: 54:12:6488
"(0.443, 0.366, 0.000)","(0.415, 0.327, 0.000)",Enfocado,"(3.31, 1.40, 5.87)",2023 / 08 / 09 08: 54:12:6626
"(0.443, 0.366, 0.000)","(0.415, 0.327, 0.000)",Enfocado,"(3.35, 1.40, 5.87)",2023 / 08 / 09 08: 54:12:6767
"(0.443, 0.366, 0.000)","(0.415, 0.326, 0.000)",Enfocado,"(3.38, 1.40, 5.87)",2023 / 08 / 09 08: 54:12:6907
"(0.442, 0.365, 0.000)","(0.415, 0.326, 0.000)",Enfocado,"(3.41, 1.40, 5.87)",2023 / 08 / 09 08: 54:12:7044
"(0.442, 0.365, 0.000)","(0.415, 0.326, 0.000)",Enfocado,"(3.45, 1.40, 5.87)",2023 / 08 / 09 08: 54:12:7185
"(0.443, 0.365, 0.000)","(0.416, 0.325, 0.000)",Enfocado,"(3.48, 1.40, 5.87)",2023 / 08 / 09 08: 54:12:7321
"(0.442, 0.364, 0.000)","(0.417, 0.326, 0.000)",Enfocado,"(3.51, 1.40, 5.87)",2023 / 08 / 09 08: 54:12:7459
"(0.443, 0.364, 0.000)","(0.417, 0.325, 0.000)",Enfocado,"(3.54, 1.40, 5.87)",2023 / 08 / 09 08: 54:12:7606
"(0.442, 0.363, 0.000)","(0.415, 0.325, 0.000)",Enfocado,"(3.57, 1.40, 5.87)",2023 / 08 / 09 08: 54:12:7743
"(0.442, 0.364, 0.000)","(0.416, 0.324, 0.000)",Enfocado,"(3.61, 1.40, 5.87)",2023 / 08 / 09 08: 54:12:7882
"(0.442, 0.363, 0.000)","(0.417, 0.324, 0.000)",Enfocado,"(3.63, 1.40, 5.87)",2023 / 08 / 09 08: 54:12:8012
"(0.442, 0.363, 0.000)","(0.417, 0.324, 0.000)",Enfocado,"(3.66, 1.40, 5.87)",2023 / 08 / 09 08: 54:12:8155
"(0.462, 0.354, 0.000)","(0.438, 0.323, 0.000)",Enfocado,"(3.69, 1.40, 5.87)",2023 / 08 / 09 08: 54:12:8294
"(0.511, 0.329, 0.000)","(0.490, 0.308, 0.000)",Enfocado,"(3.71, 1.40, 5.87)",2023 / 08 / 09 08: 54:12:8431
"(0.558, 0.305, 0.000)","(0.537, 0.290, 0.000)",Enfocado,"(3.74, 1.40, 5.87)",2023 / 08 / 09 08: 54:12:8572
"(0.589, 0.287, 0.000)","(0.568, 0.284, 0.000)",Enfocado,"(3.77, 1.40, 5.87)",2023 / 08 / 09 08: 54:12:8713
"(0.600, 0.275, 0.000)","(0.570, 0.289, 0.000)",Enfocado,"(3.80, 1.40, 5.87)",2023 / 08 / 09 08: 54:12:8848
"(0.600, 0.275, 0.000)","(0.570, 0.289, 0.000)",Enfocado,"(3.83, 1.40, 5.87)",2023 / 08 / 09 08: 54:12:8986
"(0.592, 0.287, 0.000)","(0.573, 0.278, 0.000)",Enfocado,"(3.85, 1.40, 5.87)",2023 / 08 / 09 08: 54:12:9128
"(0.588, 0.285, 0.000)","(0.565, 0.278, 0.000)",Enfocado,"(3.87, 1.40, 5.87)",2023 / 08 / 09 08: 54:12:9271
"(0.589, 0.294, 0.000)","(0.568, 0.277, 0.000)",Enfocado,"(3.90, 1.40, 5.87)",2023 / 08 / 09 08: 54:12:9408
"(0.588, 0.295, 0.000)","(0.569, 0.276, 0.000)",Enfocado,"(3.92, 1.40, 5.87)",2023 / 08 / 09 08: 54:12:9548
"(0.586, 0.296, 0.000)","(0.567, 0.276, 0.000)",Enfocado,"(3.95, 1.40, 5.87)",2023 / 08 / 09 08: 54:12:9687
"(0.586, 0.296, 0.000)","(0.567, 0.276, 0.000)",Enfocado,"(3.97, 1.40, 5.87)",2023 / 08 / 09 08: 54:12:9820
"(0.585, 0.298, 0.000)","(0.564, 0.278, 0.000)",Enfocado,"(3.99, 1.40, 5.87)",2023 / 08 / 09 08: 54:12:9962
"(0.581, 0.298, 0.000)","(0.562, 0.279, 0.000)",Enfocado,"(4.01, 1.40, 5.87)",2023 / 08 / 09 08: 54:13:0105
"(0.578, 0.301, 0.000)","(0.559, 0.279, 0.000)",Enfocado,"(4.03, 1.40, 5.87)",2023 / 08 / 09 08: 54:13:0242
"(0.577, 0.302, 0.000)","(0.556, 0.281, 0.000)",Enfocado,"(4.05, 1.40, 5.87)",2023 / 08 / 09 08: 54:13:0385
"(0.574, 0.303, 0.000)","(0.554, 0.281, 0.000)",Enfocado,"(4.08, 1.40, 5.87)",2023 / 08 / 09 08: 54:13:0524
"(0.574, 0.303, 0.000)","(0.554, 0.281, 0.000)",Enfocado,"(4.10, 1.40, 5.87)",2023 / 08 / 09 08: 54:13:0656
"(0.570, 0.304, 0.000)","(0.551, 0.281, 0.000)",Enfocado,"(4.11, 1.40, 5.87)",2023 / 08 / 09 08: 54:13:0798
"(0.569, 0.304, 0.000)","(0.547, 0.282, 0.000)",Enfocado,"(4.13, 1.40, 5.87)",2023 / 08 / 09 08: 54:13:0941
"(0.565, 0.304, 0.000)","(0.546, 0.281, 0.000)",Enfocado,"(4.15, 1.40, 5.87)",2023 / 08 / 09 08: 54:13:1080
"(0.564, 0.304, 0.000)","(0.542, 0.280, 0.000)",Enfocado,"(4.17, 1.40, 5.87)",2023 / 08 / 09 08: 54:13:1216
"(0.561, 0.304, 0.000)","(0.541, 0.280, 0.000)",Enfocado,"(4.18, 1.40, 5.87)",2023 / 08 / 09 08: 54:13:1359
"(0.561, 0.304, 0.000)","(0.541, 0.280, 0.000)",Enfocado,"(4.20, 1.40, 5.87)",2023 / 08 / 09 08: 54:13:1499
"(0.560, 0.302, 0.000)","(0.538, 0.279, 0.000)",Enfocado,"(4.22, 1.40, 5.87)",2023 / 08 / 09 08: 54:13:1638
"(0.558, 0.302, 0.000)","(0.535, 0.278, 0.000)",Enfocado,"(4.23, 1.40, 5.87)",2023 / 08 / 09 08: 54:13:1779
"(0.554, 0.304, 0.000)","(0.532, 0.279, 0.000)",Enfocado,"(4.24, 1.40, 5.87)",2023 / 08 / 09 08: 54:13:1918
"(0.542, 0.306, 0.000)","(0.522, 0.278, 0.000)",Enfocado,"(4.26, 1.40, 5.87)",2023 / 08 / 09 08: 54:13:2057
"(0.526, 0.307, 0.000)","(0.502, 0.276, 0.000)",Enfocado,"(4.27, 1.40, 5.87)",2023 / 08 / 09 08: 54:13:2191
"(0.526, 0.307, 0.000)","(0.502, 0.276, 0.000)",Enfocado,"(4.28, 1.40, 5.87)",2023 / 08 / 09 08: 54:13:2334
"(0.524, 0.306, 0.000)","(0.500, 0.274, 0.000)",Enfocado,"(4.29, 1.40, 5.87)",2023 / 08 / 09 08: 54:13:2473
"(0.522, 0.306, 0.000)","(0.499, 0.275, 0.000)",Enfocado,"(4.30, 1.40, 5.87)",2023 / 08 / 09 08: 54:13:2610
"(0.519, 0.305, 0.000)","(0.497, 0.273, 0.000)",Enfocado,"(4.31, 1.40, 5.87)",2023 / 08 / 09 08: 54:13:2752
"(0.516, 0.305, 0.000)","(0.493, 0.274, 0.000)",Enfocado,"(4.32, 1.40, 5.87)",2023 / 08 / 09 08: 54:13:2885
"(0.511, 0.305, 0.000)","(0.489, 0.272, 0.000)",Enfocado,"(4.33, 1.40, 5.87)",2023 / 08 / 09 08: 54:13:3018
"(0.511, 0.305, 0.000)","(0.489, 0.272, 0.000)",Enfocado,"(4.34, 1.40, 5.87)",2023 / 08 / 09 08: 54:13:3160
"(0.509, 0.303, 0.000)","(0.486, 0.270, 0.000)",Enfocado,"(4.34, 1.40, 5.87)",2023 / 08 / 09 08: 54:13:3299
"(0.504, 0.302, 0.000)","(0.483, 0.269, 0.000)",Enfocado,"(4.35, 1.40, 5.87)",2023 / 08 / 09 08: 54:13:3438
"(0.500, 0.302, 0.000)","(0.480, 0.268, 0.000)",Enfocado,"(4.36, 1.40, 5.87)",2023 / 08 / 09 08: 54:13:3580
"(0.498, 0.301, 0.000)","(0.476, 0.268, 0.000)",Enfocado,"(4.36, 1.40, 5.87)",2023 / 08 / 09 08: 54:13:3720
"(0.495, 0.302, 0.000)","(0.475, 0.267, 0.000)",Enfocado,"(4.37, 1.40, 5.87)",2023 / 08 / 09 08: 54:13:3859
"(0.495, 0.302, 0.000)","(0.475, 0.267, 0.000)",Enfocado,"(4.37, 1.40, 5.87)",2023 / 08 / 09 08: 54:13:3996
"(0.490, 0.298, 0.000)","(0.470, 0.266, 0.000)",Enfocado,"(4.37, 1.40, 5.87)",2023 / 08 / 09 08: 54:13:4140
"(0.488, 0.298, 0.000)","(0.467, 0.264, 0.000)",Enfocado,"(4.38, 1.40, 5.87)",2023 / 08 / 09 08: 54:13:4283
"(0.485, 0.297, 0.000)","(0.463, 0.263, 0.000)",Enfocado,"(4.38, 1.40, 5.87)",2023 / 08 / 09 08: 54:13:4420
"(0.482, 0.298, 0.000)","(0.460, 0.263, 0.000)",Enfocado,"(4.38, 1.40, 5.87)",2023 / 08 / 09 08: 54:13:4561
"(0.479, 0.300, 0.000)","(0.457, 0.263, 0.000)",Enfocado,"(4.38, 1.40, 5.87)",2023 / 08 / 09 08: 54:13:4702
"(0.479, 0.300, 0.000)","(0.457, 0.263, 0.000)",Enfocado,"(4.38, 1.40, 5.87)",2023 / 08 / 09 08: 54:13:4838
"(0.476, 0.299, 0.000)","(0.456, 0.265, 0.000)",Enfocado,"(4.38, 1.40, 5.87)",2023 / 08 / 09 08: 54:13:4976
"(0.473, 0.299, 0.000)","(0.452, 0.265, 0.000)",Enfocado,"(4.38, 1.40, 5.87)",2023 / 08 / 09 08: 54:13:5118
"(0.470, 0.300, 0.000)","(0.450, 0.265, 0.000)",Enfocado,"(4.37, 1.40, 5.87)",2023 / 08 / 09 08: 54:13:5258
"(0.468, 0.301, 0.000)","(0.447, 0.265, 0.000)",Enfocado,"(4.37, 1.40, 5.87)",2023 / 08 / 09 08: 54:13:5395
"(0.464, 0.302, 0.000)","(0.445, 0.266, 0.000)",Enfocado,"(4.36, 1.40, 5.87)",2023 / 08 / 09 08: 54:13:5535
"(0.464, 0.302, 0.000)","(0.445, 0.266, 0.000)",Enfocado,"(4.36, 1.40, 5.87)",2023 / 08 / 09 08: 54:13:5675
"(0.463, 0.302, 0.000)","(0.445, 0.265, 0.000)",Enfocado,"(4.35, 1.40, 5.87)",2023 / 08 / 09 08: 54:13:5811
"(0.460, 0.302, 0.000)","(0.442, 0.266, 0.000)",Enfocado,"(4.35, 1.40, 5.87)",2023 / 08 / 09 08: 54:13:5954
"(0.459, 0.302, 0.000)","(0.441, 0.267, 0.000)",Enfocado,"(4.34, 1.40, 5.87)",2023 / 08 / 09 08: 54:13:6093
"(0.457, 0.303, 0.000)","(0.439, 0.267, 0.000)",Enfocado,"(4.33, 1.40, 5.87)",2023 / 08 / 09 08: 54:13:6230
"(0.457, 0.304, 0.000)","(0.439, 0.269, 0.000)",Enfocado,"(4.32, 1.40, 5.87)",2023 / 08 / 09 08: 54:13:6371
"(0.457, 0.304, 0.000)","(0.439, 0.269, 0.000)",Enfocado,"(4.31, 1.40, 5.87)",2023 / 08 / 09 08: 54:13:6510
"(0.484, 0.316, 0.000)","(0.458, 0.287, 0.000)",Enfocado,"(4.30, 1.40, 5.87)",2023 / 08 / 09 08: 54:13:6646
"(0.512, 0.337, 0.000)","(0.479, 0.311, 0.000)",Enfocado,"(4.29, 1.40, 5.87)",2023 / 08 / 09 08: 54:13:6790
"(0.520, 0.352, 0.000)","(0.483, 0.330, 0.000)",Enfocado,"(4.28, 1.40, 5.87)",2023 / 08 / 09 08: 54:13:6931
"(0.519, 0.362, 0.000)","(0.485, 0.338, 0.000)",Enfocado,"(4.26, 1.40, 5.87)",2023 / 08 / 09 08: 54:13:7070
"(0.513, 0.363, 0.000)","(0.485, 0.337, 0.000)",Enfocado,"(4.25, 1.40, 5.87)",2023 / 08 / 09 08: 54:13:7203
"(0.513, 0.363, 0.000)","(0.485, 0.337, 0.000)",Enfocado,"(4.24, 1.40, 5.87)",2023 / 08 / 09 08: 54:13:7345
"(0.513, 0.364, 0.000)","(0.486, 0.336, 0.000)",Enfocado,"(4.22, 1.40, 5.87)",2023 / 08 / 09 08: 54:13:7486
"(0.512, 0.361, 0.000)","(0.487, 0.335, 0.000)",Enfocado,"(4.21, 1.40, 5.87)",2023 / 08 / 09 08: 54:13:7625
"(0.510, 0.362, 0.000)","(0.487, 0.335, 0.000)",Enfocado,"(4.19, 1.40, 5.87)",2023 / 08 / 09 08: 54:13:7767
"(0.508, 0.362, 0.000)","(0.487, 0.334, 0.000)",Enfocado,"(4.17, 1.40, 5.87)",2023 / 08 / 09 08: 54:13:7899
"(0.508, 0.361, 0.000)","(0.487, 0.334, 0.000)",Enfocado,"(4.15, 1.40, 5.87)",2023 / 08 / 09 08: 54:13:8032
"(0.508, 0.361, 0.000)","(0.487, 0.334, 0.000)",Enfocado,"(4.14, 1.40, 5.87)",2023 / 08 / 09 08: 54:13:8170
"(0.509, 0.361, 0.000)","(0.486, 0.333, 0.000)",Enfocado,"(4.12, 1.40, 5.87)",2023 / 08 / 09 08: 54:13:8308
"(0.508, 0.361, 0.000)","(0.487, 0.333, 0.000)",Enfocado,"(4.10, 1.40, 5.87)",2023 / 08 / 09 08: 54:13:8442
"(0.508, 0.361, 0.000)","(0.488, 0.334, 0.000)",Enfocado,"(4.08, 1.40, 5.87)",2023 / 08 / 09 08: 54:13:8581
"(0.507, 0.361, 0.000)","(0.489, 0.335, 0.000)",Enfocado,"(4.06, 1.40, 5.87)",2023 / 08 / 09 08: 54:13:8720
"(0.507, 0.361, 0.000)","(0.489, 0.334, 0.000)",Enfocado,"(4.04, 1.40, 5.87)",2023 / 08 / 09 08: 54:13:8859
"(0.507, 0.361, 0.000)","(0.489, 0.334, 0.000)",Enfocado,"(4.02, 1.40, 5.87)",2023 / 08 / 09 08: 54:13:8996
"(0.507, 0.361, 0.000)","(0.488, 0.335, 0.000)",Enfocado,"(3.99, 1.40, 5.87)",2023 / 08 / 09 08: 54:13:9138
"(0.509, 0.362, 0.000)","(0.489, 0.334, 0.000)",Enfocado,"(3.97, 1.40, 5.87)",2023 / 08 / 09 08: 54:13:9283
"(0.508, 0.362, 0.000)","(0.488, 0.336, 0.000)",Enfocado,"(3.95, 1.40, 5.87)",2023 / 08 / 09 08: 54:13:9420
"(0.509, 0.363, 0.000)","(0.489, 0.336, 0.000)",Enfocado,"(3.92, 1.40, 5.87)",2023 / 08 / 09 08: 54:13:9559
"(0.508, 0.362, 0.000)","(0.489, 0.336, 0.000)",Enfocado,"(3.90, 1.40, 5.87)",2023 / 08 / 09 08: 54:13:9699
"(0.508, 0.362, 0.000)","(0.489, 0.336, 0.000)",Enfocado,"(3.87, 1.40, 5.87)",2023 / 08 / 09 08: 54:13:9836
"(0.508, 0.363, 0.000)","(0.489, 0.336, 0.000)",Enfocado,"(3.84, 1.40, 5.87)",2023 / 08 / 09 08: 54:13:9979
"(0.510, 0.362, 0.000)","(0.489, 0.336, 0.000)",Enfocado,"(3.82, 1.40, 5.87)",2023 / 08 / 09 08: 54:14:0119
"(0.509, 0.363, 0.000)","(0.489, 0.336, 0.000)",Enfocado,"(3.79, 1.40, 5.87)",2023 / 08 / 09 08: 54:14:0256
"(0.509, 0.363, 0.000)","(0.489, 0.336, 0.000)",Enfocado,"(3.76, 1.40, 5.87)",2023 / 08 / 09 08: 54:14:0398
"(0.509, 0.363, 0.000)","(0.489, 0.336, 0.000)",Enfocado,"(3.73, 1.40, 5.87)",2023 / 08 / 09 08: 54:14:0537
"(0.509, 0.363, 0.000)","(0.489, 0.336, 0.000)",Enfocado,"(3.70, 1.40, 5.87)",2023 / 08 / 09 08: 54:14:0677
"(0.509, 0.363, 0.000)","(0.488, 0.336, 0.000)",Enfocado,"(3.68, 1.40, 5.87)",2023 / 08 / 09 08: 54:14:0814
"(0.509, 0.363, 0.000)","(0.488, 0.336, 0.000)",Enfocado,"(3.65, 1.40, 5.87)",2023 / 08 / 09 08: 54:14:0959
"(0.509, 0.363, 0.000)","(0.488, 0.336, 0.000)",Enfocado,"(3.62, 1.40, 5.87)",2023 / 08 / 09 08: 54:14:1100
"(0.509, 0.361, 0.000)","(0.488, 0.335, 0.000)",Enfocado,"(3.58, 1.40, 5.87)",2023 / 08 / 09 08: 54:14:1237
"(0.510, 0.362, 0.000)","(0.487, 0.335, 0.000)",Enfocado,"(3.55, 1.40, 5.87)",2023 / 08 / 09 08: 54:14:1379
"(0.508, 0.361, 0.000)","(0.486, 0.334, 0.000)",Enfocado,"(3.52, 1.40, 5.87)",2023 / 08 / 09 08: 54:14:1518
"(0.508, 0.361, 0.000)","(0.486, 0.334, 0.000)",Enfocado,"(3.48, 1.40, 5.87)",2023 / 08 / 09 08: 54:14:1652
"(0.509, 0.360, 0.000)","(0.486, 0.334, 0.000)",Enfocado,"(3.45, 1.40, 5.87)",2023 / 08 / 09 08: 54:14:1794
"(0.508, 0.361, 0.000)","(0.486, 0.333, 0.000)",Enfocado,"(3.42, 1.40, 5.87)",2023 / 08 / 09 08: 54:14:1933
"(0.509, 0.361, 0.000)","(0.486, 0.333, 0.000)",Enfocado,"(3.39, 1.40, 5.87)",2023 / 08 / 09 08: 54:14:2078
"(0.509, 0.361, 0.000)","(0.486, 0.333, 0.000)",Enfocado,"(3.35, 1.40, 5.87)",2023 / 08 / 09 08: 54:14:2215
"(0.508, 0.360, 0.000)","(0.486, 0.333, 0.000)",Enfocado,"(3.31, 1.40, 5.87)",2023 / 08 / 09 08: 54:14:2356
"(0.508, 0.360, 0.000)","(0.486, 0.333, 0.000)",Enfocado,"(3.28, 1.40, 5.87)",2023 / 08 / 09 08: 54:14:2497
"(0.508, 0.360, 0.000)","(0.486, 0.333, 0.000)",Enfocado,"(3.24, 1.40, 5.87)",2023 / 08 / 09 08: 54:14:2638
"(0.509, 0.360, 0.000)","(0.486, 0.333, 0.000)",Enfocado,"(3.21, 1.40, 5.87)",2023 / 08 / 09 08: 54:14:2782
"(0.509, 0.360, 0.000)","(0.485, 0.333, 0.000)",Enfocado,"(3.17, 1.40, 5.87)",2023 / 08 / 09 08: 54:14:2924
"(0.509, 0.360, 0.000)","(0.486, 0.333, 0.000)",Enfocado,"(3.13, 1.40, 5.87)",2023 / 08 / 09 08: 54:14:3063
"(0.508, 0.359, 0.000)","(0.486, 0.333, 0.000)",Enfocado,"(3.08, 1.40, 5.87)",2023 / 08 / 09 08: 54:14:3198
"(0.508, 0.359, 0.000)","(0.486, 0.333, 0.000)",Enfocado,"(3.05, 1.40, 5.87)",2023 / 08 / 09 08: 54:14:3339
"(0.508, 0.359, 0.000)","(0.487, 0.331, 0.000)",Enfocado,"(3.01, 1.40, 5.87)",2023 / 08 / 09 08: 54:14:3480
"(0.508, 0.358, 0.000)","(0.486, 0.329, 0.000)",Enfocado,"(2.97, 1.40, 5.87)",2023 / 08 / 09 08: 54:14:3619
"(0.509, 0.358, 0.000)","(0.486, 0.330, 0.000)",Enfocado,"(2.93, 1.40, 5.87)",2023 / 08 / 09 08: 54:14:3763
"(0.507, 0.352, 0.000)","(0.485, 0.327, 0.000)",Enfocado,"(2.89, 1.40, 5.87)",2023 / 08 / 09 08: 54:14:3902
"(0.499, 0.328, 0.000)","(0.477, 0.299, 0.000)",Enfocado,"(2.85, 1.40, 5.87)",2023 / 08 / 09 08: 54:14:4039
"(0.499, 0.328, 0.000)","(0.477, 0.299, 0.000)",Enfocado,"(2.81, 1.40, 5.87)",2023 / 08 / 09 08: 54:14:4179
"(0.492, 0.298, 0.000)","(0.468, 0.266, 0.000)",Enfocado,"(2.77, 1.40, 5.87)",2023 / 08 / 09 08: 54:14:4314
"(0.489, 0.289, 0.000)","(0.469, 0.257, 0.000)",Enfocado,"(2.73, 1.40, 5.87)",2023 / 08 / 09 08: 54:14:4452
"(0.490, 0.293, 0.000)","(0.472, 0.259, 0.000)",Enfocado,"(2.68, 1.40, 5.87)",2023 / 08 / 09 08: 54:14:4593
"(0.492, 0.295, 0.000)","(0.473, 0.261, 0.000)",Enfocado,"(2.64, 1.40, 5.87)",2023 / 08 / 09 08: 54:14:4733
"(0.494, 0.294, 0.000)","(0.475, 0.261, 0.000)",Enfocado,"(2.60, 1.40, 5.87)",2023 / 08 / 09 08: 54:14:4870
"(0.495, 0.295, 0.000)","(0.478, 0.262, 0.000)",Enfocado,"(2.56, 1.40, 5.87)",2023 / 08 / 09 08: 54:14:5007
"(0.495, 0.295, 0.000)","(0.478, 0.262, 0.000)",Enfocado,"(2.51, 1.40, 5.87)",2023 / 08 / 09 08: 54:14:5148
"(0.495, 0.294, 0.000)","(0.478, 0.262, 0.000)",Enfocado,"(2.47, 1.40, 5.87)",2023 / 08 / 09 08: 54:14:5288
"(0.497, 0.295, 0.000)","(0.479, 0.263, 0.000)",Enfocado,"(2.43, 1.40, 5.87)",2023 / 08 / 09 08: 54:14:5426
"(0.496, 0.295, 0.000)","(0.480, 0.263, 0.000)",Enfocado,"(2.38, 1.40, 5.87)",2023 / 08 / 09 08: 54:14:5568
"(0.499, 0.295, 0.000)","(0.482, 0.263, 0.000)",Enfocado,"(2.34, 1.40, 5.87)",2023 / 08 / 09 08: 54:14:5702
"(0.499, 0.295, 0.000)","(0.482, 0.263, 0.000)",Enfocado,"(2.29, 1.40, 5.87)",2023 / 08 / 09 08: 54:14:5837
"(0.500, 0.293, 0.000)","(0.482, 0.263, 0.000)",Enfocado,"(2.24, 1.40, 5.87)",2023 / 08 / 09 08: 54:14:5980
"(0.500, 0.294, 0.000)","(0.485, 0.262, 0.000)",Enfocado,"(2.20, 1.40, 5.87)",2023 / 08 / 09 08: 54:14:6121
"(0.501, 0.294, 0.000)","(0.485, 0.264, 0.000)",Enfocado,"(2.16, 1.40, 5.87)",2023 / 08 / 09 08: 54:14:6259
"(0.504, 0.293, 0.000)","(0.487, 0.263, 0.000)",Enfocado,"(2.11, 1.40, 5.87)",2023 / 08 / 09 08: 54:14:6404
"(0.504, 0.294, 0.000)","(0.489, 0.263, 0.000)",Enfocado,"(2.06, 1.40, 5.87)",2023 / 08 / 09 08: 54:14:6543
"(0.506, 0.293, 0.000)","(0.490, 0.262, 0.000)",Enfocado,"(2.01, 1.40, 5.87)",2023 / 08 / 09 08: 54:14:6681
